{
    "blend": {
      "func": "add",
      "srcrgb": "srcalpha",
      "dstrgb": "1-srcalpha"
    },
    "vertex": "minecraft:core/position",
    "fragment": "chorus:core/blur",
    "attributes": [],
    "samplers": [
      { "name": "InputSampler" }
    ],
    "uniforms": [
      { "name": "ModelViewMat", "type": "matrix4x4", "count": 16, "values": [ 1.0, 0.0, 0.0, 0.0, 0.0, 1.0, 0.0, 0.0, 0.0, 0.0, 1.0, 0.0, 0.0, 0.0, 0.0, 1.0 ] },
      { "name": "ProjMat", "type": "matrix4x4", "count": 16, "values": [ 1.0, 0.0, 0.0, 0.0, 0.0, 1.0, 0.0, 0.0, 0.0, 0.0, 1.0, 0.0, 0.0, 0.0, 0.0, 1.0 ] },
      { "name": "InputResolution", "type": "float", "count": 2, "values": [ 1.0, 1.0 ] },
      { "name": "Quality", "type": "float", "count": 1, "values": [ 1.0] },
      { "name": "Brightness", "type": "float", "count": 1, "values": [ 1.0] },
      { "name": "color1", "type": "float", "count": 4, "values": [ 1.0, 1.0, 1.0, 1.0 ] },
      { "name": "uSize", "type": "float", "count": 2, "values": [ 1.0, 1.0 ] },
      { "name": "uLocation", "type": "float", "count": 2, "values": [ 1.0, 1.0 ] },
      { "name": "radius", "type": "float", "count": 1, "values": [ 1.0] }
    ]
  }