{
	"blend": {
		"func": "add",
		"srcrgb": "srcalpha",
		"dstrgb": "1-srcalpha"
	},
	"vertex": "minecraft:core/position_color",
	"fragment": "chorus:core/rounded_rect",
	"attributes": [ "Position", "Color" ],
	"samplers": [],
	"uniforms": [
		{ "name": "ModelViewMat", "type": "matrix4x4", "count": 16, "values": [ 1.0, 0.0, 0.0, 0.0, 0.0, 1.0, 0.0, 0.0, 0.0, 0.0, 1.0, 0.0, 0.0, 0.0, 0.0, 1.0 ] },
		{ "name": "ProjMat", "type": "matrix4x4", "count": 16, "values": [ 1.0, 0.0, 0.0, 0.0, 0.0, 1.0, 0.0, 0.0, 0.0, 0.0, 1.0, 0.0, 0.0, 0.0, 0.0, 1.0 ] },
		{ "name": "Bounds", "type": "float", "count": 4, "values": [ 0.0, 0.0, 0.0, 0.0 ] },
		{ "name": "RadiusTopLeft", "type": "float", "count": 1, "values": [ 5.0 ] },
		{ "name": "RadiusTopRight", "type": "float", "count": 1, "values": [ 8.0 ] },
		{ "name": "RadiusBottomLeft", "type": "float", "count": 1, "values": [ 2.0 ] },
		{ "name": "RadiusBottomRight", "type": "float", "count": 1, "values": [ 12.0 ] },
		{ "name": "Smoothness", "type": "float", "count": 1, "values": [ 1.0 ] },
		{ "name": "color1", "type": "float", "count": 4, "values": [ 0.0, 0.0, 0.0, 0.0 ] },
		{ "name": "color2", "type": "float", "count": 4, "values": [ 0.0, 0.0, 0.0, 0.0 ] },
		{ "name": "color3", "type": "float", "count": 4, "values": [ 0.0, 0.0, 0.0, 0.0 ] },
		{ "name": "color4", "type": "float", "count": 4, "values": [ 0.0, 0.0, 0.0, 0.0 ] }
	]
}
